<?xml version="1.0" encoding="UTF-8"?>

<CmPresetBank>
  <Order>
    <Preset name="Blackout" crossfade="1.68986225128173828125"/>
    <Preset name="Aspettare   Red" crossfade="1.28625082969665527344"/>
    <Preset name="Text   This is a disgrace" crossfade="1.28625082969665527344"/>
    <Preset name="Sempre in Contrasti   Red" crossfade="1.28625082969665527344"/>
    <Preset name="Text   So to sum it all up" crossfade="1.28625082969665527344"/>
    <Preset name="Stizzoso mio stizzoso   Teal" crossfade="1.28625082969665527344"/>
    <Preset name="Text   Very well" crossfade="1.28625082969665527344"/>
    <Preset name="lo Conosco   Red" crossfade="1.28625082969665527344"/>
    <Preset name="Intermezzo" crossfade="1.68986225128173828125"/>
    <Preset name="Text   Now that Ive got you" crossfade="1.28625082969665527344"/>
    <Preset name="A Serpina   Blue" crossfade="1.28625082969665527344"/>
    <Preset name="Text   Ah I know how hard this is" crossfade="1.28625082969665527344"/>
    <Preset name="Son imbrogliato    More Blue" crossfade="1.36115968227386474609"/>
    <Preset name="Text   If it please you" crossfade="0.38111031055450439453"/>
    <Preset name="Here he is    Darth Vader" crossfade="0.34936851263046264648"/>
    <Preset name="Text   What a brute" crossfade="1.47888863086700439453"/>
    <Preset name="Contento tu Sarai   Teal" crossfade="1.28625082969665527344"/>
    <Preset name="Lights out after sword pose" crossfade="1.68986225128173828125"/>
    <Preset name="Bows" crossfade="1.47888863086700439453"/>
    <Preset name="Final Blackout" crossfade="1.68986225128173828125"/>
  </Order>
  <Tempo val="120.0"/>
  <BankOrder val="23"/>
</CmPresetBank>
