<?xml version="1.0" encoding="UTF-8"?>

<CmPresetBank>
  <Order>
    <Preset name="Warm LEDs" crossfade="0.0"/>
    <Preset name="BnB Scene 1 - Garden" crossfade="0.36500954627990722656"/>
    <Preset name="BnB Magic Build" crossfade="0.3976777493953704834"/>
    <Preset name="BnB Magic Build 2" crossfade="2.3852081298828125"/>
    <Preset name="Roarrrrr" crossfade="0.0"/>
    <Preset name="BnB Snip snip" crossfade="0.0"/>
    <Preset name="BnB post-Snip snip" crossfade="0.0"/>
    <Preset name="BnB Boom1" crossfade="2.61404109001159667969"/>
    <Preset name="BnB Boom2" crossfade="3.04888892173767089844"/>
    <Preset name="HnG Blackout " crossfade="1.60321462154388427734"/>
    <Preset name="HnG Crammed" crossfade="1.60321462154388427734"/>
    <Preset name="HnG Warm LEDs" crossfade="1.60321462154388427734"/>
    <Preset name="HnG She Marched to the Woods" crossfade="1.60321462154388427734"/>
    <Preset name="HnG Birds" crossfade="5.08255434036254882812"/>
    <Preset name="HnG Post Birds" crossfade="0.0"/>
    <Preset name="HnG Build the House" crossfade="0.0"/>
    <Preset name="HnG Burp" crossfade="2.11847138404846191406"/>
    <Preset name="HnG Burp 2" crossfade="1.60321462154388427734"/>
    <Preset name="HnG Magic 1" crossfade="3.24910902976989746094"/>
    <Preset name="HnG Magic 2" crossfade="2.79494309425354003906"/>
    <Preset name="HnG Pre-Dance" crossfade="5.08255434036254882812"/>
    <Preset name="HnG Ending Dance" crossfade="5.08255434036254882812"/>
    <Preset name="Little Red" crossfade="0.0"/>
    <Preset name="Cinderella Dance" crossfade="0.0"/>
    <Preset name="Blackout" crossfade="3.979534149169921875"/>
  </Order>
  <Tempo val="120.0"/>
  <BankOrder val="30"/>
</CmPresetBank>
