<?xml version="1.0" encoding="UTF-8"?>

<CmPresetBank>
  <Order>
    <Preset name="Rainbow" crossfade="0.0"/>
    <Preset name="Rainbow 2" crossfade="0.0"/>
    <Preset name="Blue on Teal" crossfade="0.0"/>
    <Preset name="Purple" crossfade="0.0"/>
    <Preset name="Green on Yellow" crossfade="0.0"/>
    <Preset name="Sparkle" crossfade="0.0"/>
    <Preset name="Orange on Yellow" crossfade="0.0"/>
    <Preset name="White on BlueGreen" crossfade="0.0"/>
    <Preset name="Yellow on Blue" crossfade="0.0"/>
    <Preset name="Red" crossfade="0.0"/>
    <Preset name="Aqua" crossfade="0.0"/>
    <Preset name="Teal" crossfade="0.0"/>
    <Preset name="Teal-tastic" crossfade="0.0"/>
    <Preset name="In the jungle" crossfade="0.0"/>
    <Preset name="You are my Golden Star" crossfade="0.0"/>
    <Preset name="Paint the Town Red" crossfade="0.0"/>
    <Preset name="Gotta Catch em All" crossfade="0.0"/>
  </Order>
  <Tempo val="120.0"/>
  <BankOrder val="29"/>
</CmPresetBank>
