<?xml version="1.0" encoding="UTF-8"?>

<CmPresetBank>
  <Order>
    <Preset name="------LEDs Row 1------" crossfade="0.0"/>
    <Preset name="Row 1   ON" crossfade="0.0"/>
    <Preset name="Row 1  OFF" crossfade="0.0"/>
    <Preset name="1-1   ON" crossfade="0.0"/>
    <Preset name="1-1  OFF" crossfade="0.0"/>
    <Preset name="1-2   ON" crossfade="0.0"/>
    <Preset name="1-2  OFF" crossfade="0.0"/>
    <Preset name="1-3   ON" crossfade="0.0"/>
    <Preset name="1-3  OFF" crossfade="0.0"/>
    <Preset name="1-4   ON" crossfade="0.0"/>
    <Preset name="1-4  OFF" crossfade="0.0"/>
    <Preset name="1-5   ON" crossfade="0.0"/>
    <Preset name="1-5  OFF" crossfade="0.0"/>
    <Preset name="1-6   ON" crossfade="0.0"/>
    <Preset name="1-6  OFF" crossfade="0.0"/>
    <Preset name="------LEDs Row 2------" crossfade="0.0"/>
    <Preset name="Row 2   ON" crossfade="0.0"/>
    <Preset name="Row 2  OFF" crossfade="0.0"/>
    <Preset name="2-1   ON" crossfade="0.0"/>
    <Preset name="2-1  OFF" crossfade="0.0"/>
    <Preset name="2-2   ON" crossfade="0.0"/>
    <Preset name="2-2  OFF" crossfade="0.0"/>
    <Preset name="2-3   ON" crossfade="0.0"/>
    <Preset name="2-3  OFF" crossfade="0.0"/>
    <Preset name="2-4   ON" crossfade="0.0"/>
    <Preset name="2-4  OFF" crossfade="0.0"/>
    <Preset name="2-5   ON" crossfade="0.0"/>
    <Preset name="2-5  OFF" crossfade="0.0"/>
    <Preset name="2-6   ON" crossfade="0.0"/>
    <Preset name="2-6  OFF" crossfade="0.0"/>
    <Preset name="------LEDs Row 3------" crossfade="0.0"/>
    <Preset name="Row 3   ON" crossfade="0.0"/>
    <Preset name="Row 3  OFF" crossfade="0.0"/>
    <Preset name="3-1   ON" crossfade="0.0"/>
    <Preset name="3-1  OFF" crossfade="0.0"/>
    <Preset name="3-2   ON" crossfade="0.0"/>
    <Preset name="3-2  OFF" crossfade="0.0"/>
    <Preset name="3-3   ON" crossfade="0.0"/>
    <Preset name="3-3  OFF" crossfade="0.0"/>
    <Preset name="3-4   ON" crossfade="0.0"/>
    <Preset name="3-4  OFF" crossfade="0.0"/>
    <Preset name="3-5   ON" crossfade="0.0"/>
    <Preset name="3-5  OFF" crossfade="0.0"/>
    <Preset name="3-6   ON" crossfade="0.0"/>
    <Preset name="3-6  OFF" crossfade="0.0"/>
    <Preset name="------LEDs LEFT------" crossfade="0.0"/>
    <Preset name="Left Side   ON" crossfade="0.0"/>
    <Preset name="Left Side  OFF" crossfade="0.0"/>
    <Preset name="L-1   ON" crossfade="0.0"/>
    <Preset name="L-1  OFF" crossfade="0.0"/>
    <Preset name="L-2   ON" crossfade="0.0"/>
    <Preset name="L-2  OFF" crossfade="0.0"/>
    <Preset name="L-3   ON" crossfade="0.0"/>
    <Preset name="L-3  OFF" crossfade="0.0"/>
    <Preset name="------LEDs RIGHT------" crossfade="0.0"/>
    <Preset name="Right Side   ON" crossfade="0.0"/>
    <Preset name="Right Side  OFF" crossfade="0.0"/>
    <Preset name="R-1   ON" crossfade="0.0"/>
    <Preset name="R-1  OFF" crossfade="0.0"/>
    <Preset name="R-2   ON" crossfade="0.0"/>
    <Preset name="R-2  OFF" crossfade="0.0"/>
    <Preset name="R-3   ON" crossfade="0.0"/>
    <Preset name="R-3  OFF" crossfade="0.0"/>
  </Order>
  <Tempo val="120.0"/>
  <BankOrder val="2"/>
</CmPresetBank>
