<?xml version="1.0" encoding="UTF-8"?>

<CmPresetBank>
  <Order>
    <Preset name="Blackout" crossfade="1.09405958652496337891"/>
    <Preset name="Parents Enter" crossfade="1.01408183574676513672"/>
    <Preset name="Speaker Spotlight" crossfade="2.22263455390930175781"/>
    <Preset name="Piano Spotlight" crossfade="3.04887914657592773438"/>
    <Preset name="Piano Spot Off" crossfade="5.36310434341430664062"/>
    <Preset name="Stage Lights On" crossfade="2.34123587608337402344"/>
    <Preset name="Stage Lights White Gobos" crossfade="1.74342322349548339844"/>
    <Preset name="Stage Lights Gobos Off" crossfade="0.03710430487990379333"/>
    <Preset name="Stage Lights Pre Color" crossfade="1.74342322349548339844"/>
    <Preset name="Stage Lights Colorful Gobos" crossfade="1.74342322349548339844"/>
    <Preset name="Pure Imagination 1 - All Spotlights on stage" crossfade="2.22263455390930175781"/>
    <Preset name="Pure Imagination 1-5" crossfade="1.21413767337799072266"/>
    <Preset name="Pure Imagination 2 - Downstage Left" crossfade="2.22263455390930175781"/>
    <Preset name="Pure Imagination 3 - Downstage Right" crossfade="1.39967596530914306641"/>
    <Preset name="Pure Imagination 3-5 Base of Stairs" crossfade="2.22263455390930175781"/>
    <Preset name="Pure Imagination 4" crossfade="8.2387332916259765625"/>
    <Preset name="Pure Imagination 4-5 single spot on stage" crossfade="2.22263455390930175781"/>
    <Preset name="Blackout after Pure Imagination" crossfade="2.22263455390930175781"/>
    <Preset name="Pre Golden Age of Chocolate" crossfade="2.22263455390930175781"/>
    <Preset name="Golden Age 1 - Vivian solo" crossfade="2.22263455390930175781"/>
    <Preset name="Golden Age 2 - Anna solo" crossfade="2.22263455390930175781"/>
    <Preset name="Golden Age 3 - William solo" crossfade="2.22263455390930175781"/>
    <Preset name="Golden Age 4 - Wonka Solo" crossfade="2.22263455390930175781"/>
    <Preset name="Golden Age 5 - Yihan solo" crossfade="2.22263455390930175781"/>
    <Preset name="Golden Age 6 - William solo" crossfade="2.22263455390930175781"/>
    <Preset name="Golden Age 7 - with oh such style" crossfade="0.14738953113555908203"/>
    <Preset name="Golden Age 7-5 - Pars off" crossfade="0.1951284259557723999"/>
    <Preset name="Golden Age 8 - Color oscillation" crossfade="2.22263455390930175781"/>
    <Preset name="Golden Age 9 - Only spots" crossfade="0.20576956868171691895"/>
    <Preset name="Blackout after Golden Age" crossfade="3.97952556610107421875"/>
    <Preset name="Wonka Steps down the stairs" crossfade="4.29987335205078125"/>
    <Preset name="Wonka Walks to Bucket Shack" crossfade="3.82549715042114257812"/>
    <Preset name="Bucket Shack and Wonka 2" crossfade="2.22263455390930175781"/>
    <Preset name="Bucket Shack and Wonka" crossfade="2.11847138404846191406"/>
    <Preset name="Daytime Candyman Intro" crossfade="1.24985110759735107422"/>
    <Preset name="Candyman Intro Spots Off" crossfade="2.0176105499267578125"/>
    <Preset name="Candyman Spots out front" crossfade="2.06762409210205078125"/>
    <Preset name="Candyman Cart Spotlight 1" crossfade="2.73374128341674804688"/>
    <Preset name="Candyman Cart Spotlight 2" crossfade="2.857051849365234375"/>
    <Preset name="Candyman Cart Spotlight 3" crossfade="2.61403155326843261719"/>
    <Preset name="Candyman Cart Spotlight 4" crossfade="2.44110822677612304688"/>
    <Preset name="Candyman Cart Spin" crossfade="0.68236064910888671875"/>
    <Preset name="Candyman Chorus Joins" crossfade="0.15623091161251068115"/>
    <Preset name="Candyman Chorus 2nd Time" crossfade="3.52946829795837402344"/>
    <Preset name="Candyman Song Stops" crossfade="1.96839547157287597656"/>
    <Preset name="Candyman Ending 1" crossfade="0.4687487483024597168"/>
    <Preset name="Candyman Ending 2" crossfade="1.56103146076202392578"/>
    <Preset name="Candyman Ending 3" crossfade="6.1613616943359375"/>
    <Preset name="Candyman Ending 4" crossfade="0.0"/>
    <Preset name="Candyman Ending 5" crossfade="2.11847138404846191406"/>
    <Preset name="Bucket Shack Spots" crossfade="2.11847138404846191406"/>
    <Preset name="Outside the Bucket Shack" crossfade="1.24985110759735107422"/>
    <Preset name="Charlie bumps into" crossfade="0.11535849422216415405"/>
    <Preset name="News Flash Animation" crossfade="0.31943917274475097656"/>
    <Preset name="I Eat More" crossfade="0.0"/>
    <Preset name="Blackout after I Eat More" crossfade="2.06762409210205078125"/>
    <Preset name="Scene 7 Outside the Bucket Shack" crossfade="2.06762409210205078125"/>
    <Preset name="Think Positively Cabaret" crossfade="0.19512879848480224609"/>
    <Preset name="Spots only " crossfade="0.0"/>
    <Preset name="Spots after Cabaret" crossfade="2.06762409210205078125"/>
    <Preset name="After Think Positive" crossfade="11.6704769134521484375"/>
    <Preset name="Bucket Shack Traveler to door" crossfade="2.06762409210205078125"/>
    <Preset name="Scene 8 Bucket Shack" crossfade="5.75299882888793945312"/>
    <Preset name="Scene 8 Charlie opens Wonka Bar" crossfade="4.0580577850341796875"/>
    <Preset name="I See it all on TV" crossfade="2.06762409210205078125"/>
    <Preset name="I See it all - Spots" crossfade="0.21679103374481201172"/>
    <Preset name="I See it all - Lights down" crossfade="0.20576989650726318359"/>
    <Preset name="I See it all - ON TV" crossfade="0.21679103374481201172"/>
    <Preset name="I See it all - Blackout" crossfade="0.0"/>
    <Preset name="Scene 11 Pre Bucket Shack" crossfade="1.51958417892456054688"/>
    <Preset name="Scene 11 Bucket Shack " crossfade="4.99122762680053710938"/>
    <Preset name="Scene 11 opening extra chocolate bar" crossfade="4.55109500885009765625"/>
    <Preset name="Cheer up Charlie" crossfade="4.99122762680053710938"/>
    <Preset name="Cheer up Charlie 2" crossfade="3.45791530609130859375"/>
    <Preset name="Cheer up Charlie 3" crossfade="1.11110377311706542969"/>
    <Preset name="Pre Pre Snowy Streets" crossfade="2.385211944580078125"/>
    <Preset name="Pre Snowy Streets" crossfade="1.24985110759735107422"/>
    <Preset name="Snowy Streets" crossfade="1.24985110759735107422"/>
    <Preset name="Pre Silver in the Snow" crossfade="1.24985110759735107422"/>
    <Preset name="Silver in the Snow" crossfade="1.24985110759735107422"/>
    <Preset name="Pre Think Positive Reprise" crossfade="4.13764286041259765625"/>
    <Preset name="Think Positive Reprise" crossfade="4.90105724334716796875"/>
    <Preset name="Think Positive Reprise 2" crossfade="1.73433399200439453125"/>
    <Preset name="Think Positive Reprise 3" crossfade="1.73433399200439453125"/>
    <Preset name="Think Positive Runs down stairs" crossfade="4.05807924270629882812"/>
    <Preset name="Think Positive Runs to Shack" crossfade="1.73433399200439453125"/>
    <Preset name="Think Positive Bucket Shack" crossfade="1.73433399200439453125"/>
    <Preset name="Think Positive Walk Outside" crossfade="4.7239284515380859375"/>
    <Preset name="Think Positive Walk to the Gate" crossfade="0.07111217081546783447"/>
    <Preset name="Pre Other Ticket Holders" crossfade="5.36312961578369140625"/>
    <Preset name="Other Ticket Holders Enter" crossfade="5.17496728897094726562"/>
    <Preset name="Final Lineup before Intermission" crossfade="1.73433399200439453125"/>
    <Preset name="Factory Reveal Wide Lights" crossfade="17.1536121368408203125"/>
    <Preset name="Factory Reveal Narrow Lights" crossfade="0.10125116258859634399"/>
    <Preset name="Factory Reveal Lights Down " crossfade="13.5188503265380859375"/>
    <Preset name="Factory Reveal Magic" crossfade="0.61262953281402587891"/>
    <Preset name="Stage Lights " crossfade="2.06762409210205078125"/>
    <Preset name="Band Plays" crossfade="2.22263455390930175781"/>
    <Preset name="Factory Reveal Spotlight" crossfade="2.06762409210205078125"/>
    <Preset name="Oompa" crossfade="0.38111001253128051758"/>
    <Preset name="Pre-Oompa" crossfade="1.32334733009338378906"/>
    <Preset name="Pre Boat" crossfade="3.82549023628234863281"/>
    <Preset name="Pre Narrow Lights" crossfade="9.158233642578125"/>
    <Preset name="Boat Narrow Spots" crossfade="4.46631526947021484375"/>
    <Preset name="Boat Spots and Colors" crossfade="1.51959526538848876953"/>
    <Preset name="Boat Spots and Colors Fast 1" crossfade="1.51959526538848876953"/>
    <Preset name="Boat Spots and Colors Fast 2" crossfade="1.51959526538848876953"/>
    <Preset name="Boat Spots and Colors Fast 3" crossfade="0.36501222848892211914"/>
    <Preset name="Post Boat Spots and Colors" crossfade="1.51959526538848876953"/>
    <Preset name="Pre-Inventing Room" crossfade="2.40691614151000976562"/>
    <Preset name="Inventing Room" crossfade="5.2260913848876953125"/>
    <Preset name="Pre-Turning Blue" crossfade="6.92165136337280273438"/>
    <Preset name="Blue Upstage" crossfade="2.06762409210205078125"/>
    <Preset name="Blue Downstage" crossfade="0.0"/>
    <Preset name="Blew it Blackout" crossfade="2.06762409210205078125"/>
    <Preset name="PreCandyman Spin" crossfade="0.68236064910888671875"/>
    <Preset name="PreCandyman Spin 1" crossfade="21.5332469940185546875"/>
    <Preset name="Chocovision Room" crossfade="2.06762409210205078125"/>
    <Preset name="Mike Pushes Button 1" crossfade="2.06762409210205078125"/>
    <Preset name="Mike Pushes Button 2" crossfade="2.06762409210205078125"/>
    <Preset name="Mike Pushes Button 3" crossfade="2.06762409210205078125"/>
    <Preset name="Mike Pushes Button 4" crossfade="0.0"/>
    <Preset name="Mike Pushes Button Blackout" crossfade="0.0"/>
    <Preset name="Chew It 1" crossfade="4.90103483200073242188"/>
    <Preset name="Chew It 2" crossfade="4.90103483200073242188"/>
    <Preset name="Pre Magic Fizzy Room" crossfade="8.75622272491455078125"/>
    <Preset name="Pre Pre Magic Fizzy Room" crossfade="1.24985110759735107422"/>
    <Preset name="Walking to Fizzy Room" crossfade="1.24985110759735107422"/>
    <Preset name="Spotlights Offffff" crossfade="0.0"/>
    <Preset name="Good Nut" crossfade="19.31085968017578125"/>
    <Preset name="Bad Nut" crossfade="12.67085742950439453125"/>
    <Preset name="No Nut" crossfade="18.9345722198486328125"/>
  </Order>
  <Tempo val="120.0"/>
  <BankOrder val="19"/>
</CmPresetBank>
