<?xml version="1.0" encoding="UTF-8"?>

<CmPresetBank>
  <Order>
    <Preset name="Blue and Purple" crossfade="0.56888955831527709961"/>
    <Preset name="Teal and White" crossfade="2.61404323577880859375"/>
    <Preset name="Green and Yellow" crossfade="1.51958608627319335938"/>
    <Preset name="Dark Red" crossfade="1.96839857101440429688"/>
    <Preset name="Blue Movement with Red" crossfade="0.89373028278350830078"/>
    <Preset name="Blue with White" crossfade="1.82558584213256835938"/>
    <Preset name="Yellow" crossfade="2.85705089569091796875"/>
    <Preset name="Red Slow Movement" crossfade="1.07810688018798828125"/>
    <Preset name="Blue Slow Movement" crossfade="2.55551218986511230469"/>
    <Preset name="Teal Slow Movement" crossfade="3.04887843132019042969"/>
    <Preset name="Color Oscillation" crossfade="0.20576989650726318359"/>
    <Preset name="Strooooobe" crossfade="0.0"/>
  </Order>
  <Tempo val="120.0"/>
  <BankOrder val="18"/>
</CmPresetBank>
