<?xml version="1.0" encoding="UTF-8"?>

<CmPresetBank>
  <Order>
    <Preset name="Blackout" crossfade="1.47888934612274169922"/>
    <Preset name="Guests Enter" crossfade="2.22263455390930175781"/>
    <Preset name="Welcome" crossfade="1.28624665737152099609"/>
    <Preset name="Bleak Midwinter" crossfade="14.79115390777587890625"/>
    <Preset name="Bleak Midwinter 2" crossfade="4.2182369232177734375"/>
    <Preset name="Choir Only Songs" crossfade="1.47888934612274169922"/>
    <Preset name="Christmas Lights" crossfade="0.0"/>
    <Preset name="Blackout No Fade" crossfade="0.00000111111216938298"/>
    <Preset name="Pre Post Spotlight" crossfade="1.47888934612274169922"/>
    <Preset name="Speaker Spotlight" crossfade="1.47888934612274169922"/>
    <Preset name="Symphonic Band" crossfade="1.47888934612274169922"/>
    <Preset name="Choir with Spotlights ALL" crossfade="1.47888934612274169922"/>
    <Preset name="Pre Post Choir Spotlights ALL" crossfade="1.32335197925567626953"/>
    <Preset name="Choir Spotlights ONLY" crossfade="1.39968049526214599609"/>
    <Preset name="Transition Choir to Speaker" crossfade="3.60198926925659179688"/>
    <Preset name="Valse" crossfade="1.87239944934844970703"/>
    <Preset name="Spotlight on stage left piano" crossfade="1.47888934612274169922"/>
    <Preset name="Pre Piano Spotlight" crossfade="1.47888934612274169922"/>
    <Preset name="The Tempest" crossfade="1.87239944934844970703"/>
  </Order>
  <Tempo val="120.0"/>
  <BankOrder val="22"/>
</CmPresetBank>
