<?xml version="1.0" encoding="UTF-8"?>

<CmPresetBank>
  <Order>
    <Preset name="Blackout" crossfade="1.43891692161560058594"/>
    <Preset name="Warm LEDs" crossfade="7.11881971359252929688"/>
    <Preset name="Warm LEDs Stage" crossfade="1.60321462154388427734"/>
    <Preset name="No Transition" crossfade="0.0"/>
    <Preset name="Fast Transition" crossfade="0.65855830907821655273"/>
    <Preset name="Medium Transition" crossfade="1.56102669239044189453"/>
    <Preset name="Slow Transiton" crossfade="3.24911141395568847656"/>
    <Preset name="Very Slow Transition" crossfade="5.95484781265258789062"/>
    <Preset name="Guests Enter" crossfade="2.22263455390930175781"/>
  </Order>
  <Tempo val="120.0"/>
  <BankOrder val="0"/>
</CmPresetBank>
