<?xml version="1.0" encoding="UTF-8"?>

<CmPresetBank>
  <Order>
    <Preset name="000    Blackout" crossfade="0.0"/>
    <Preset name="001    Bulb OFF" crossfade="0.0"/>
    <Preset name="002    Bulb ON" crossfade="0.0"/>
    <Preset name="003    ------Shutter------" crossfade="0.0"/>
    <Preset name="004    Shutter 0" crossfade="0.0"/>
    <Preset name="005    Shutter 15" crossfade="0.0"/>
    <Preset name="006    Shutter 25" crossfade="0.0"/>
    <Preset name="007    Shutter 50" crossfade="0.0"/>
    <Preset name="008    Shutter 100" crossfade="0.0"/>
    <Preset name="009    ------Toggles------" crossfade="0.0"/>
    <Preset name="010    Blur ON" crossfade="0.0"/>
    <Preset name="011    Blur OFF" crossfade="0.0"/>
    <Preset name="012    Fan Out ON" crossfade="0.0"/>
    <Preset name="013    Fan Out OFF" crossfade="0.0"/>
    <Preset name="014    Prism ON" crossfade="0.0"/>
    <Preset name="015    Prism OFF" crossfade="0.0"/>
    <Preset name="016    Focus ON" crossfade="0.0"/>
    <Preset name="017    Focus OFF" crossfade="0.0"/>
    <Preset name="018    ------Colors------" crossfade="0.0"/>
    <Preset name="019    Warm White" crossfade="0.0"/>
    <Preset name="020    White" crossfade="0.0"/>
    <Preset name="021    Cool White" crossfade="0.0"/>
    <Preset name="022    Red" crossfade="0.0"/>
    <Preset name="023    Red n White" crossfade="0.0"/>
    <Preset name="024    Orange" crossfade="0.0"/>
    <Preset name="025    Yellow" crossfade="0.0"/>
    <Preset name="026    Light Yellow" crossfade="0.0"/>
    <Preset name="027    Light Yellow n White" crossfade="0.0"/>
    <Preset name="028    Green" crossfade="0.0"/>
    <Preset name="029    Dark Green" crossfade="0.0"/>
    <Preset name="030    Double Green" crossfade="0.0"/>
    <Preset name="031    Blue" crossfade="0.0"/>
    <Preset name="032    Blue n White" crossfade="0.0"/>
    <Preset name="033    Blue n Yellow" crossfade="0.0"/>
    <Preset name="034    Light Blue" crossfade="0.0"/>
    <Preset name="035    Light Blue n White" crossfade="0.0"/>
    <Preset name="036    Pink" crossfade="0.0"/>
    <Preset name="037    Pink n Blue" crossfade="0.0"/>
    <Preset name="038    Hot Pink" crossfade="0.0"/>
    <Preset name="039    Indigo" crossfade="0.0"/>
    <Preset name="040    Indigo n White" crossfade="0.0"/>
    <Preset name="041    Shifting Slow" crossfade="0.0"/>
    <Preset name="042    Shifting Medium" crossfade="0.0"/>
    <Preset name="043    Shifting Fast" crossfade="0.0"/>
    <Preset name="044    ------Prism Rotation------" crossfade="0.0"/>
    <Preset name="045    Prism ON " crossfade="0.0"/>
    <Preset name="046    Prism OFF " crossfade="0.0"/>
    <Preset name="047    Rotation OFF" crossfade="0.0"/>
    <Preset name="048    Rotation Imperceptible Left" crossfade="0.0"/>
    <Preset name="049    Rotation Imperceptible Right" crossfade="0.0"/>
    <Preset name="050    Rotation Super Slow Left" crossfade="0.0"/>
    <Preset name="051    Rotation Super Slow Right" crossfade="0.0"/>
    <Preset name="052    Rotation Slow Left" crossfade="0.0"/>
    <Preset name="053    Rotation Slow Right" crossfade="0.0"/>
    <Preset name="054    Rotation Medium Left" crossfade="0.0"/>
    <Preset name="055    Rotation Medium Right" crossfade="0.0"/>
    <Preset name="056    Rotation Med Fast Left" crossfade="0.0"/>
    <Preset name="057    Rotation Med Fast Right" crossfade="0.0"/>
    <Preset name="058    Rotation Fast Left" crossfade="0.0"/>
    <Preset name="059    Rotation Fast Right" crossfade="0.0"/>
    <Preset name="060    ------Gobos------" crossfade="0.0"/>
    <Preset name="061    Asterisk" crossfade="0.0"/>
    <Preset name="062    Big Spot" crossfade="0.0"/>
    <Preset name="063    Boomerang" crossfade="0.0"/>
    <Preset name="064    Clover Drops" crossfade="0.0"/>
    <Preset name="065    Many Dots" crossfade="0.0"/>
    <Preset name="066    Med Spot" crossfade="0.0"/>
    <Preset name="067    Polka dots" crossfade="0.0"/>
    <Preset name="068    Ring of Squares" crossfade="0.0"/>
    <Preset name="069    Small Spot" crossfade="0.0"/>
    <Preset name="070    Snow Flake" crossfade="0.0"/>
    <Preset name="071    Star" crossfade="0.0"/>
    <Preset name="072    Sunflower Dots" crossfade="0.0"/>
    <Preset name="073    Triangle Spikes" crossfade="0.0"/>
    <Preset name="074    Vortex" crossfade="0.0"/>
    <Preset name="075    ------Gobo Cycling------" crossfade="0.0"/>
    <Preset name="076    Cycling Imperceptible Down" crossfade="0.0"/>
    <Preset name="077    Cycling Imperceptible Up" crossfade="0.0"/>
    <Preset name="078    Cycling Slow Down" crossfade="0.0"/>
    <Preset name="079    Cycling Slow Up" crossfade="0.0"/>
    <Preset name="080    Cycling Medium Down" crossfade="0.0"/>
    <Preset name="081    Cycling Medium Up" crossfade="0.0"/>
    <Preset name="082    Cycling Fast Down" crossfade="0.0"/>
    <Preset name="083    Cycling Fast Up" crossfade="0.0"/>
    <Preset name="084    Cycling Super Slow Down" crossfade="0.0"/>
    <Preset name="085    Cycling Super Slow Up" crossfade="0.0"/>
    <Preset name="086    ------Positions------" crossfade="0.0"/>
    <Preset name="087    Positions - Center" crossfade="0.0"/>
    <Preset name="088    Positions - Straight Down" crossfade="0.0"/>
  </Order>
  <Tempo val="120.0"/>
  <BankOrder val="11"/>
</CmPresetBank>
