<?xml version="1.0" encoding="UTF-8"?>

<CmPresetBank>
  <Order>
    <Preset name="Blackout" crossfade="0.0"/>
    <Preset name="Med Fade to next" crossfade="1.64615869522094726562"/>
    <Preset name="Long Fade to next" crossfade="4.81193685531616210938"/>
    <Preset name="Static Warm LEDs" crossfade="0.0"/>
    <Preset name="Warm Yellow" crossfade="0.0"/>
    <Preset name="Warm Yellow Fast Movement" crossfade="0.0"/>
    <Preset name="Orange" crossfade="0.0"/>
    <Preset name="Blue" crossfade="0.0"/>
    <Preset name="Blue Fast Movement" crossfade="0.0"/>
    <Preset name="RED" crossfade="0.0"/>
    <Preset name="RED Fast Movement" crossfade="0.0"/>
    <Preset name="Blue and Purple" crossfade="0.0"/>
    <Preset name="Green" crossfade="0.0"/>
    <Preset name="Green Fast Movement" crossfade="0.0"/>
    <Preset name="Purple" crossfade="0.0"/>
    <Preset name="Teal" crossfade="0.0"/>
    <Preset name="Light Blue Fast Movement" crossfade="0.0"/>
    <Preset name="White Fast Movement" crossfade="0.0"/>
    <Preset name="Teal Fast Movement" crossfade="0.0"/>
    <Preset name="Purple Fast Movement" crossfade="0.0"/>
    <Preset name="Orange Fast Movement" crossfade="0.0"/>
  </Order>
  <Tempo val="120.0"/>
  <BankOrder val="5"/>
</CmPresetBank>
