<?xml version="1.0" encoding="UTF-8"?>

<CmPresetBank>
  <Order>
    <Preset name="------Pars Row 1------" crossfade="0.0"/>
    <Preset name="Row 1   ON" crossfade="0.0"/>
    <Preset name="Row 1  OFF" crossfade="0.0"/>
    <Preset name="1-1   ON" crossfade="0.0"/>
    <Preset name="1-1  OFF" crossfade="0.0"/>
    <Preset name="1-2   ON" crossfade="0.0"/>
    <Preset name="1-2  OFF" crossfade="0.0"/>
    <Preset name="1-3   ON" crossfade="0.0"/>
    <Preset name="1-3  OFF" crossfade="0.0"/>
    <Preset name="1-4   ON" crossfade="0.0"/>
    <Preset name="1-4  OFF" crossfade="0.0"/>
    <Preset name="------Pars Row 3------" crossfade="0.0"/>
    <Preset name="Row 3   ON" crossfade="0.0"/>
    <Preset name="Row 3  OFF" crossfade="0.0"/>
    <Preset name="3-1   ON" crossfade="0.0"/>
    <Preset name="3-1  OFF" crossfade="0.0"/>
    <Preset name="3-2   ON" crossfade="0.0"/>
    <Preset name="3-2  OFF" crossfade="0.0"/>
    <Preset name="3-3   ON" crossfade="0.0"/>
    <Preset name="3-3  OFF" crossfade="0.0"/>
    <Preset name="3-4   ON" crossfade="0.0"/>
    <Preset name="3-4  OFF" crossfade="0.0"/>
    <Preset name="------Pars LEFT------" crossfade="0.0"/>
    <Preset name="Left Side   ON" crossfade="0.0"/>
    <Preset name="Left Side  OFF" crossfade="0.0"/>
    <Preset name="L-1   ON" crossfade="0.0"/>
    <Preset name="L-1  OFF" crossfade="0.0"/>
    <Preset name="L-2   ON" crossfade="0.0"/>
    <Preset name="L-2  OFF" crossfade="0.0"/>
    <Preset name="L-3   ON" crossfade="0.0"/>
    <Preset name="L-3  OFF" crossfade="0.0"/>
    <Preset name="L-4   ON" crossfade="0.0"/>
    <Preset name="L-4  OFF" crossfade="0.0"/>
    <Preset name="------Pars RIGHT------" crossfade="0.0"/>
    <Preset name="Right Side   ON" crossfade="0.0"/>
    <Preset name="Right Side  OFF" crossfade="0.0"/>
    <Preset name="R-1   ON" crossfade="0.0"/>
    <Preset name="R-1  OFF" crossfade="0.0"/>
    <Preset name="R-2   ON" crossfade="0.0"/>
    <Preset name="R-2  OFF" crossfade="0.0"/>
    <Preset name="R-3   ON" crossfade="0.0"/>
    <Preset name="R-3  OFF" crossfade="0.0"/>
    <Preset name="R-4   ON" crossfade="0.0"/>
    <Preset name="R-4  OFF" crossfade="0.0"/>
  </Order>
  <Tempo val="120.0"/>
  <BankOrder val="4"/>
</CmPresetBank>
