<?xml version="1.0" encoding="UTF-8"?>

<CmPresetBank>
  <Order>
    <Preset name="Macro Fade" crossfade="0.18486094474792480469"/>
    <Preset name="Blue" crossfade="0.18486094474792480469"/>
    <Preset name="Green" crossfade="0.18486094474792480469"/>
    <Preset name="Yellow" crossfade="0.18486094474792480469"/>
    <Preset name="Red" crossfade="0.18486094474792480469"/>
    <Preset name="White" crossfade="0.18486094474792480469"/>
  </Order>
  <Tempo val="120.0"/>
  <BankOrder val="27"/>
</CmPresetBank>
