<?xml version="1.0" encoding="UTF-8"?>

<CmPresetBank>
  <Order>
    <Preset name="Blackout" crossfade="3.45792722702026367188"/>
    <Preset name="Warm White" crossfade="1.24984824657440185547"/>
    <Preset name="Cool White" crossfade="1.24984824657440185547"/>
    <Preset name="Red" crossfade="2.22264027595520019531"/>
    <Preset name="Orange" crossfade="2.22264027595520019531"/>
    <Preset name="Green" crossfade="2.17013597488403320312"/>
    <Preset name="Cyan" crossfade="2.22264027595520019531"/>
    <Preset name="Deep Blue" crossfade="2.22264027595520019531"/>
    <Preset name="Light Blue" crossfade="2.22264027595520019531"/>
    <Preset name="Purple" crossfade="2.06763052940368652344"/>
    <Preset name="Pink" crossfade="1.68986225128173828125"/>
    <Preset name="Yellow" crossfade="2.01760268211364746094"/>
    <Preset name="Sine Chase Oscillator" crossfade="1.73432397842407226562"/>
    <Preset name="Dark Blue" crossfade="2.22264027595520019531"/>
    <Preset name="Dim White" crossfade="1.24984824657440185547"/>
  </Order>
  <Tempo val="120.0"/>
  <BankOrder val="20"/>
</CmPresetBank>
