<?xml version="1.0" encoding="UTF-8"?>

<CmPresetBank>
  <Order>
    <Preset name="1 Blackout no fade" crossfade="0.0"/>
    <Preset name="2 Blackout med fade" crossfade="2.98401141166687011719"/>
    <Preset name="3 Blackout long fade" crossfade="3.5"/>
    <Preset name="4 Spotlights Center Stage" crossfade="0.92287200689315795898"/>
    <Preset name="5 Warm Spotlights Center Room" crossfade="0.92287200689315795898"/>
    <Preset name="6 Single Spot Center Stage" crossfade="0.92287200689315795898"/>
    <Preset name="7 Spin around the room long fade" crossfade="5.0825595855712890625"/>
    <Preset name="8 Box Lights brightness 3 short fade" crossfade="0.30000001192092895508"/>
    <Preset name="9 Box Lights brightness 12 med fade" crossfade="0.0"/>
    <Preset name="10 LEDs ALL Aqua Long Fade" crossfade="3.52946996688842773438"/>
    <Preset name="11 LEDs ALL Aqua No Fade" crossfade="0.0"/>
    <Preset name="12 LEDs Shifting Rainbow long fade" crossfade="3.5"/>
    <Preset name="13 Spin around the room shutter 0" crossfade="10.14367008209228515625"/>
    <Preset name="14 Blackout very long fade" crossfade="7.0"/>
    <Preset name="15 Blackout absurdly long fade" crossfade="16.0"/>
    <Preset name="16 LEDs ALL Pulsing Aqua long fade" crossfade="3.5"/>
    <Preset name="17 LEDs ALL blue and white rhythmic pulsing" crossfade="3.45792603492736816406"/>
    <Preset name="18 LEDs ALL blue and white pulsing bright" crossfade="0.0"/>
    <Preset name="Pond w Rotation" crossfade="0.0"/>
    <Preset name="Pond w Reflections" crossfade="0.0"/>
    <Preset name="Pond like Space" crossfade="0.0"/>
  </Order>
  <Tempo val="120.0"/>
  <BankOrder val="16"/>
</CmPresetBank>
