<?xml version="1.0" encoding="UTF-8"?>

<CmPresetBank>
  <Order>
    <Preset name="0 0 0 Pre-Audience Enters" crossfade="4.29987764358520507812"/>
    <Preset name="0 0 1 Audience Enters" crossfade="5.75301313400268554688"/>
    <Preset name="0 0 2 Welcome Speech" crossfade="2.22263264656066894531"/>
    <Preset name="0 0 3 Blackout" crossfade="0.0"/>
    <Preset name="0 0 5 Pre-Proem" crossfade="5.75301313400268554688"/>
    <Preset name="0 1 0 Proem" crossfade="16.541019439697265625"/>
    <Preset name="0 2 0 Pre-Prologue" crossfade="5.75301313400268554688"/>
    <Preset name="0 2 1 Prologue" crossfade="5.75301313400268554688"/>
    <Preset name="0 2 4 It was my birthday" crossfade="5.75301313400268554688"/>
    <Preset name="0 2 5 So Dad and I ran" crossfade="0.0"/>
    <Preset name="0 2 6 So Dad and I ran 2" crossfade="5.75301313400268554688"/>
    <Preset name="1 0 0 Pre-Scene 1" crossfade="0.0"/>
    <Preset name="1 0 1 Pre-Police Lights" crossfade="5.75301313400268554688"/>
    <Preset name="1 0 2 Police lights" crossfade="0.0"/>
    <Preset name="1 0 3 Police lights off" crossfade="3.31775808334350585938"/>
    <Preset name="2 1 0 Pre-Hempstock" crossfade="1.21413886547088623047"/>
    <Preset name="2 2 0 Hempstock Farm" crossfade="3.18142867088317871094"/>
    <Preset name="3 0 0 Pre Pond" crossfade="2.44111013412475585938"/>
    <Preset name="3 0 1 My Ocean" crossfade="1.36115932464599609375"/>
    <Preset name="4 1 0 Blackout" crossfade="5.75301313400268554688"/>
    <Preset name="5 0 0 Warm LEDs" crossfade="5.75301313400268554688"/>
    <Preset name="5 1 1 Spotlight on Bed" crossfade="5.75301313400268554688"/>
    <Preset name="5 1 2 Magic happens" crossfade="1.5195903778076171875"/>
    <Preset name="5 1 3 Darker more red" crossfade="2.49787783622741699219"/>
    <Preset name="5 1 4 Police Enter" crossfade="0.0"/>
    <Preset name="5 1 5 Police Lights" crossfade="0.0"/>
    <Preset name="5 1 6 Red Police Lights Only" crossfade="7.03513097763061523438"/>
    <Preset name="5 1 7 Spotlight off" crossfade="9.43294811248779296875"/>
    <Preset name="5 1 8 Spots for coughing coin" crossfade="2.49787783622741699219"/>
    <Preset name="5 1 9 Blackout" crossfade="0.00000111111125988828"/>
    <Preset name="6 0 0 Pre Kitchen Breakfast" crossfade="2.38521075248718261719"/>
    <Preset name="6 0 0 Kitchen Breakfast" crossfade="1.07810688018798828125"/>
    <Preset name="7 2 0 OMH Spotlight" crossfade="3.18142867088317871094"/>
    <Preset name="7 3 0 Hempstock Off - Dusk" crossfade="0.00191999669186770916"/>
    <Preset name="8 0 0 Dusk Pre-pond" crossfade="3.11468243598937988281"/>
    <Preset name="8 0 1 Pond On" crossfade="0.0"/>
    <Preset name="8 1 0 Pond off - magic lights" crossfade="8.49483489990234375"/>
    <Preset name="8 1 2 Magic Lighs out Alt 2" crossfade="2.22264075279235839844"/>
    <Preset name="8 2 0 Blue Bell" crossfade="1.64615571498870849609"/>
    <Preset name="8 2 1 Black Cloth" crossfade="2.73374438285827636719"/>
    <Preset name="8 2 2 Red rat" crossfade="2.11846828460693359375"/>
    <Preset name="8 2 3 Red light off" crossfade="0.0"/>
    <Preset name="8 3 0 Swoosh" crossfade="1.64615762233734130859"/>
    <Preset name="8 3 1 Post Swoosh" crossfade="7.50140094757080078125"/>
    <Preset name="8 3 2 Darker" crossfade="8.1126384735107421875"/>
    <Preset name="9 0 0 Pre Skarthach 1" crossfade="0.0"/>
    <Preset name="9 0 0 Pre Skarthach" crossfade="3.60198855400085449219"/>
    <Preset name="9 0 1 Skarthach Prep" crossfade="3.11468744277954101562"/>
    <Preset name="9 0 2 Skarthach Entrance" crossfade="0.0"/>
    <Preset name="9 1 0 Binding Song" crossfade="0.0"/>
    <Preset name="9 1 9 Blackout" crossfade="1.87239360809326171875"/>
    <Preset name="10 0 0 Bedroom Lights " crossfade="4.46630764007568359375"/>
    <Preset name="10 1 0 Spotlight on Window" crossfade="3.181430816650390625"/>
    <Preset name="10 2 0 Spotlight on Bed" crossfade="0.0"/>
    <Preset name="10 2 1 Pre-Hand in wondow" crossfade="3.45792722702026367188"/>
    <Preset name="10 3 0 Hand in window" crossfade="1.36115932464599609375"/>
    <Preset name="Pond " crossfade="0.0"/>
    <Preset name="Pond 2" crossfade="0.0"/>
    <Preset name="Ocean " crossfade="0.0"/>
    <Preset name="Mushroom Ring" crossfade="0.0"/>
    <Preset name="Magic - Colorful" crossfade="0.0"/>
    <Preset name="Bit More Magic" crossfade="0.0"/>
    <Preset name="Fire" crossfade="0.0"/>
    <Preset name="Ominous" crossfade="0.0"/>
    <Preset name="Uh Oh" crossfade="0.0"/>
    <Preset name="Trees" crossfade="0.0"/>
    <Preset name="More Trees" crossfade="0.0"/>
    <Preset name="These Trees" crossfade="0.0"/>
    <Preset name="Dying Trees" crossfade="0.0"/>
    <Preset name="Night Club Trees" crossfade="0.0"/>
    <Preset name="Ocean Listening" crossfade="0.0"/>
    <Preset name="LEDs on stage" crossfade="5.75301313400268554688"/>
    <Preset name="Pars on Stage" crossfade="5.75301313400268554688"/>
    <Preset name="Warm LEDs Zone 3" crossfade="5.75301313400268554688"/>
    <Preset name="Skarthatch Rises" crossfade="0.0"/>
  </Order>
  <Tempo val="120.0"/>
  <BankOrder val="17"/>
</CmPresetBank>
