<?xml version="1.0" encoding="UTF-8"?>

<CmPresetBank>
  <Order>
    <Preset name="Blackout" crossfade="0.0"/>
    <Preset name="------Colors------" crossfade="0.0"/>
    <Preset name="White" crossfade="0.0"/>
    <Preset name="Warm White" crossfade="0.0"/>
    <Preset name="Red" crossfade="0.0"/>
    <Preset name="Orange" crossfade="0.0"/>
    <Preset name="Yellow" crossfade="0.0"/>
    <Preset name="Green" crossfade="0.0"/>
    <Preset name="Blue" crossfade="0.0"/>
    <Preset name="Purple" crossfade="0.0"/>
    <Preset name="------Shutter------" crossfade="0.0"/>
    <Preset name="Shutter 0" crossfade="0.0"/>
    <Preset name="Shutter 10" crossfade="0.0"/>
    <Preset name="Shutter 20" crossfade="0.0"/>
    <Preset name="Shutter 30" crossfade="0.0"/>
    <Preset name="Shutter 40" crossfade="0.0"/>
    <Preset name="Shutter 50" crossfade="0.0"/>
    <Preset name="Shutter 60" crossfade="0.0"/>
    <Preset name="Shutter 70" crossfade="0.0"/>
    <Preset name="Shutter 80" crossfade="0.0"/>
    <Preset name="Shutter 90" crossfade="0.0"/>
    <Preset name="Shutter 100" crossfade="0.0"/>
    <Preset name="------Oscillators------" crossfade="0.0"/>
    <Preset name="Sine 2 bars Chase1-52" crossfade="0.0"/>
    <Preset name="------Sound Tracking------" crossfade="0.0"/>
    <Preset name="Sound Tracking OFF" crossfade="0.0"/>
    <Preset name="Sound Tracking Sub" crossfade="0.0"/>
    <Preset name="Sound Tracking Lows" crossfade="0.0"/>
    <Preset name="Sound Tracking Mids" crossfade="0.0"/>
    <Preset name="Sound Tracking Highs" crossfade="0.0"/>
  </Order>
  <Tempo val="120.0"/>
  <BankOrder val="1"/>
</CmPresetBank>
