<?xml version="1.0" encoding="UTF-8"?>

<CmPresetBank>
  <Order>
    <Preset name="Black out" crossfade="5.41737413406372070312"/>
    <Preset name="Welcome Lights" crossfade="5.75300264358520507812"/>
    <Preset name="Speech Lights" crossfade="3.45791840553283691406"/>
    <Preset name="Band - Orange" crossfade="2.4411106109619140625"/>
    <Preset name="Band and Drama" crossfade="3.45791840553283691406"/>
    <Preset name="Drama Only Night" crossfade="3.45791840553283691406"/>
    <Preset name="Slow Transition" crossfade="2.98402047157287597656"/>
    <Preset name="Medium Transition" crossfade="1.51959073543548583984"/>
    <Preset name="Fast Transition" crossfade="0.68235939741134643555"/>
    <Preset name="No Transition" crossfade="0.0"/>
    <Preset name="Tube Lights 100 Shutter" crossfade="2.98402047157287597656"/>
    <Preset name="Tube Lights 50 Shutter" crossfade="2.98402047157287597656"/>
    <Preset name="Tube Lights 0 Shutter" crossfade="2.98402047157287597656"/>
    <Preset name="Tube Lights Fire Shutter" crossfade="2.98402047157287597656"/>
    <Preset name="Tube Lights Bruce" crossfade="1.39968085289001464844"/>
    <Preset name="Tube Lights Aurora" crossfade="1.39968085289001464844"/>
    <Preset name="Tube Lights Aurora and James" crossfade="1.39968085289001464844"/>
    <Preset name="Tube Lights Aurora James Jacky" crossfade="1.39968085289001464844"/>
    <Preset name="Tube Lights Blackout Settings" crossfade="2.98402047157287597656"/>
    <Preset name="Tube Lights Orange Settings" crossfade="1.39968085289001464844"/>
    <Preset name="Tube Lights Green Settings" crossfade="1.39968085289001464844"/>
    <Preset name="Tube Lights Purple Settings" crossfade="1.39968085289001464844"/>
    <Preset name="Tube Lights Blue Settings" crossfade="1.39968085289001464844"/>
    <Preset name="Tube Lights White Settings" crossfade="1.39968085289001464844"/>
    <Preset name="Tube Lights Christmas Settings" crossfade="1.39968085289001464844"/>
    <Preset name="Tube Lights Cool White Settings" crossfade="1.39968085289001464844"/>
    <Preset name="Tube Lights James" crossfade="1.39968085289001464844"/>
    <Preset name="2 Halloween Town" crossfade="3.04888892173767089844"/>
    <Preset name="3 The Celebration conclude" crossfade="7.14984035491943359375"/>
    <Preset name="4 Year After Year" crossfade="0.0"/>
    <Preset name="5 Jack Walks solemnly" crossfade="0.0"/>
    <Preset name="6 Oh Fare thee" crossfade="0.0"/>
    <Preset name="7 Jack touches the Christmas Tree" crossfade="0.59049028158187866211"/>
    <Preset name="8 Jacks Doorbell " crossfade="2.01760792732238769531"/>
    <Preset name="9 Spooky Cat" crossfade="0.0"/>
    <Preset name="10 Christmas town" crossfade="2.067630767822265625"/>
    <Preset name="11 Year After Yearr" crossfade="0.98304080963134765625"/>
    <Preset name="12 Year After Year Oscillation" crossfade="0.0"/>
    <Preset name="13 Jack Returns " crossfade="2.984020233154296875"/>
    <Preset name="14 And they call him Sandy Claus" crossfade="0.0"/>
    <Preset name="15 Sally song intro" crossfade="0.0"/>
    <Preset name="Welcome Lights Alt" crossfade="2.11846494674682617188"/>
  </Order>
  <Tempo val="120.0"/>
  <BankOrder val="15"/>
</CmPresetBank>
