<?xml version="1.0" encoding="UTF-8"?>

<CmPresetBank>
  <Order>
    <Preset name="LEDs Blackout no fade" crossfade="0.0"/>
    <Preset name="LEDs Blackout short fade" crossfade="0.30000001192092895508"/>
    <Preset name="LEDs Blackout med fade" crossfade="0.0"/>
    <Preset name="LEDs Blackout long fade" crossfade="3.5"/>
    <Preset name="LEDs Blackout very long fade" crossfade="7.0"/>
    <Preset name="LEDs Blackout absurdly long fade" crossfade="16.0"/>
    <Preset name="PARs Blackout no fade" crossfade="0.0"/>
    <Preset name="PARs Blackout short fade" crossfade="0.30000001192092895508"/>
    <Preset name="PARs Blackout med fade" crossfade="0.0"/>
    <Preset name="PARs Blackout long fade" crossfade="3.5"/>
    <Preset name="PARs Blackout very long fade" crossfade="7.0"/>
    <Preset name="PARs Blackout absurdly long fade" crossfade="16.0"/>
    <Preset name="Box Lights Blackout no fade" crossfade="0.0"/>
    <Preset name="Box Lights Blackout short fade" crossfade="0.30000001192092895508"/>
    <Preset name="Box Lights Blackout med fade" crossfade="0.0"/>
    <Preset name="Box Lights Blackout long fade" crossfade="3.5"/>
    <Preset name="Box Lights Blackout very long fade" crossfade="7.0"/>
    <Preset name="Box Lights Blackout absurdly long fade" crossfade="16.0"/>
    <Preset name="Box Lights row 1 shutter 3 no fade" crossfade="0.0"/>
    <Preset name="Box Lights row 1 shutter 3 short fade" crossfade="0.30000001192092895508"/>
    <Preset name="Box Lights row 2 shutter 3 no fade" crossfade="0.0"/>
    <Preset name="Box Lights row 2 shutter 3 short fade" crossfade="0.30000001192092895508"/>
    <Preset name="Box Lights row 3 shutter 3 no fade" crossfade="0.0"/>
    <Preset name="Box Lights row 3 shutter 3 short fade" crossfade="0.30000001192092895508"/>
    <Preset name="Box Lights rows 2-3 shutter 3 no fade" crossfade="0.0"/>
    <Preset name="Box Lights rows 2-3 shutter 3 short fade" crossfade="0.30000001192092895508"/>
    <Preset name="Box Lights ALL shutter 3 no fade" crossfade="0.0"/>
    <Preset name="Box Lights ALL shutter 3 short fade" crossfade="0.30000001192092895508"/>
    <Preset name="Box Lights ALL shutter 5 no fade" crossfade="0.0"/>
    <Preset name="Box Lights ALL shutter 5 short fade" crossfade="0.30000001192092895508"/>
    <Preset name="LEDs ALL red shutter 50 no fade" crossfade="0.0"/>
    <Preset name="LEDs ALL blue shutter 50 long fade" crossfade="3.5"/>
    <Preset name="PARs ALL blue shutter 50 no fade" crossfade="0.0"/>
    <Preset name="LEDs ALL purple shutter 90 no fade" crossfade="0.0"/>
    <Preset name="Box Lights row 2 shutter 3 long fade" crossfade="3.5"/>
    <Preset name="Box Lights row 2 shutter 3 very long fade" crossfade="7.0"/>
    <Preset name="Box Lights row 2 shutter 3 absurdly long fade" crossfade="16.0"/>
    <Preset name="Box Lights ALL shutter 10 very long fade" crossfade="7.0"/>
    <Preset name="PARs ALL pulsing white no fade" crossfade="0.0"/>
    <Preset name="LEDs ALL orange shutter 50 long fade" crossfade="3.5"/>
    <Preset name="PARs ALL blue shutter 50 very long fade" crossfade="7.0"/>
    <Preset name="PARs ALL bright blue very long fade" crossfade="7.0"/>
    <Preset name="PARs ALL bright white very long fade" crossfade="7.0"/>
    <Preset name="Box Lights ALL shutter 6 pulsing no fade" crossfade="0.0"/>
    <Preset name="Box Lights ALL shutter 8 pulsing no fade" crossfade="0.0"/>
    <Preset name="LEDs ALL purple shutter 80 very long fade" crossfade="7.0"/>
    <Preset name="PARs ALL bright white short fade" crossfade="0.30000001192092895508"/>
    <Preset name="PARs ALL red shutter 100 long fade" crossfade="3.5"/>
    <Preset name="PARs ALL yellow shutter 80 long fade" crossfade="3.52945995330810546875"/>
    <Preset name="LEDs ALL purple shutter 80 long fade" crossfade="4.90104436874389648438"/>
  </Order>
  <Tempo val="120.0"/>
  <BankOrder val="21"/>
</CmPresetBank>
